{"objects":[{"avera":3.3333333333333335},{"avera":3.0},{"avera":34.333333333333336}]}